/home/grigory/Python/Ayna/Газета/plain/2009/05/Статья1.txt	moderator	 	 	На что потрачены сельские деньги?	13.05.2009	публицистика	 	 	Без категории	 	нейтральный	н-возраст	н-уровень	республиканская	http://risk-inform.ru/news_5.html	Риск	 	2009	газета	Россия	Республика Тыва	ru	
/home/grigory/Python/Ayna/Газета/plain/2009/05/Статья2.txt	moderator	 	 	Количество пиарщиков и качество имиджа	13.05.2009	публицистика	 	 	Без категории	 	нейтральный	н-возраст	н-уровень	республиканская	http://risk-inform.ru/news_6.html	Риск	 	2009	газета	Россия	Республика Тыва	ru	
/home/grigory/Python/Ayna/Газета/plain/2009/05/Статья3.txt	наш_корр	 	 	Прокуроры проверят прокурора	14.05.2009	публицистика	 	 	Без категории	 	нейтральный	н-возраст	н-уровень	республиканская	http://risk-inform.ru/news_7.html	Риск	 	2009	газета	Россия	Республика Тыва	ru	
/home/grigory/Python/Ayna/Газета/plain/2009/05/Статья4.txt	moderator	 	 	Поддержка Людмилы Нарусовой стоила спикеру партийного билета	22.05.2009	публицистика	 	 	Без категории	 	нейтральный	н-возраст	н-уровень	республиканская	http://risk-inform.ru/news_8.html	Риск	 	2009	газета	Россия	Республика Тыва	ru	
/home/grigory/Python/Ayna/Газета/plain/2009/05/Статья5.txt	спец_корр	 	 	Кто «заморозил» переутверждение Нарусовой?	23.05.2009	публицистика	 	 	Без категории	 	нейтральный	н-возраст	н-уровень	республиканская	http://risk-inform.ru/news_9.html	Риск	 	2009	газета	Россия	Республика Тыва	ru	
/home/grigory/Python/Ayna/Газета/plain/2009/05/Статья6.txt	спец_корр	 	 	Урбана щелкнули по носу	25.05.2009	публицистика	 	 	Без категории	 	нейтральный	н-возраст	н-уровень	республиканская	http://risk-inform.ru/news_10.html	Риск	 	2009	газета	Россия	Республика Тыва	ru	
/home/grigory/Python/Ayna/Газета/plain/2009/05/Статья7.txt	спец_корр	 	 	НЕОКПСС на марше партийного строительства	27.05.2009	публицистика	 	 	Без категории	 	нейтральный	н-возраст	н-уровень	республиканская	http://risk-inform.ru/news_11.html	Риск	 	2009	газета	Россия	Республика Тыва	ru	
/home/grigory/Python/Ayna/Газета/plain/2009/05/Статья8.txt	спец_корр	 	 	Рокировка в Законодательной палате	27.05.2009	публицистика	 	 	Без категории	 	нейтральный	н-возраст	н-уровень	республиканская	http://risk-inform.ru/news_12.html	Риск	 	2009	газета	Россия	Республика Тыва	ru	
/home/grigory/Python/Ayna/Газета/plain/2009/06/Статья1.txt	moderator	 	 	Началось согласование кандидатур на должность главы правительства Тувы	05.06.2009	публицистика	 	 	Без категории	 	нейтральный	н-возраст	н-уровень	республиканская	http://risk-inform.ru/news_13.html	Риск	 	2009	газета	Россия	Республика Тыва	ru	
/home/grigory/Python/Ayna/Газета/plain/2009/06/Статья2.txt	moderator	 	 	Благотворительность по-единороссовски	05.06.2009	публицистика	 	 	Без категории	 	нейтральный	н-возраст	н-уровень	республиканская	http://risk-inform.ru/news_14.html	Риск	 	2009	газета	Россия	Республика Тыва	ru	
/home/grigory/Python/Ayna/Газета/plain/2009/06/Статья3.txt	moderator	 	 	В поисках крайнего	05.06.2009	публицистика	 	 	Без категории	 	нейтральный	н-возраст	н-уровень	республиканская	http://risk-inform.ru/news_15.html	Риск	 	2009	газета	Россия	Республика Тыва	ru	
/home/grigory/Python/Ayna/Газета/plain/2009/06/Статья4.txt	Сергей	 	 	Махинации с землей в Кызыле	08.06.2009	публицистика	 	 	Без категории	 	нейтральный	н-возраст	н-уровень	республиканская	http://risk-inform.ru/news_16.html	Риск	 	2009	газета	Россия	Республика Тыва	ru	
/home/grigory/Python/Ayna/Газета/plain/2009/06/Статья5.txt	moderator	 	 	Переизбрание Нарусовой состоялось	08.06.2009	публицистика	 	 	Без категории	 	нейтральный	н-возраст	н-уровень	республиканская	http://risk-inform.ru/news_17.html	Риск	 	2009	газета	Россия	Республика Тыва	ru	
/home/grigory/Python/Ayna/Газета/plain/2009/06/Статья6.txt	moderator	 	 	Депутаты обнаружили коррупцию в Правительстве Тувы	19.06.2009	публицистика	 	 	Без категории	 	нейтральный	н-возраст	н-уровень	республиканская	http://risk-inform.ru/news_18.html	Риск	 	2009	газета	Россия	Республика Тыва	ru	
/home/grigory/Python/Ayna/Газета/plain/2009/06/Статья7.txt	moderator	 	 	Мэра Кызыла депутаты тувинского парламента подозреваютв коррупции	19.06.2009	публицистика	 	 	Без категории	 	нейтральный	н-возраст	н-уровень	республиканская	http://risk-inform.ru/news_19.html	Риск	 	2009	газета	Россия	Республика Тыва	ru	
/home/grigory/Python/Ayna/Газета/plain/2009/06/Статья8.txt	moderator	 	 	Зачем нам слепые прокуроры?	29.06.2009	публицистика	 	 	Без категории	 	нейтральный	н-возраст	н-уровень	республиканская	http://risk-inform.ru/news_20.html	Риск	 	2009	газета	Россия	Республика Тыва	ru	
/home/grigory/Python/Ayna/Газета/plain/2009/06/Статья9.txt	moderator	 	 	Рыба гниёт с головы	29.06.2009	публицистика	 	 	Без категории	 	нейтральный	н-возраст	н-уровень	республиканская	http://risk-inform.ru/news_21.html	Риск	 	2009	газета	Россия	Республика Тыва	ru	
/home/grigory/Python/Ayna/Газета/plain/2009/07/Статья1.txt	Сергей	 	 	Сбербанк завис	01.07.2009	публицистика	 	 	Без категории	 	нейтральный	н-возраст	н-уровень	республиканская	http://risk-inform.ru/news_22.html	Риск	 	2009	газета	Россия	Республика Тыва	ru	
/home/grigory/Python/Ayna/Газета/plain/2009/07/Статья2.txt	спец_корр	 	 	Правоохранитель попал под колесо правосудия	02.07.2009	публицистика	 	 	Без категории	 	нейтральный	н-возраст	н-уровень	республиканская	http://risk-inform.ru/news_23.html	Риск	 	2009	газета	Россия	Республика Тыва	ru	
/home/grigory/Python/Ayna/Газета/plain/2009/07/Статья3.txt	Сергей	 	 	Черви в конфетной обертке	16.07.2009	публицистика	 	 	Без категории	 	нейтральный	н-возраст	н-уровень	республиканская	http://risk-inform.ru/news_24.html	Риск	 	2009	газета	Россия	Республика Тыва	ru	
/home/grigory/Python/Ayna/Газета/plain/2009/07/Статья4.txt	Moderator	 	 	Заявление депутатов Законодательной Палаты Великого Хурала Республики Тыва	27.07.2009	публицистика	 	 	Без категории	 	нейтральный	н-возраст	н-уровень	республиканская	http://risk-inform.ru/news_25.html	Риск	 	2009	газета	Россия	Республика Тыва	ru	
/home/grigory/Python/Ayna/Газета/plain/2009/09/Статья1.txt	Moderator	 	 	Уголовное преследование журналиста	10.09.2009	публицистика	 	 	Без категории	 	нейтральный	н-возраст	н-уровень	республиканская	http://risk-inform.ru/news_26.html	Риск	 	2009	газета	Россия	Республика Тыва	ru	
/home/grigory/Python/Ayna/Газета/plain/2009/09/Статья2.txt	спец_корр	 	 	Столичных птенцов Кара-оола ждет участь их коллег	17.09.2009	публицистика	 	 	Без категории	 	нейтральный	н-возраст	н-уровень	республиканская	http://risk-inform.ru/news_27.html	Риск	 	2009	газета	Россия	Республика Тыва	ru	
/home/grigory/Python/Ayna/Газета/plain/2016/10/Статья1.txt	Noname	 	 	Формирование правительства Тувы: профессионалы или «свои»?	07.10.2016	публицистика	 	 	Без категории	 	нейтральный	н-возраст	н-уровень	республиканская	http://risk-inform.ru/news_28.html	Риск	 	2016	газета	Россия	Республика Тыва	ru	
/home/grigory/Python/Ayna/Газета/plain/2009/10/Статья1.txt	спец_корр	 	 	Неожиданная болезнь опасного политического конкурента	15.10.2009	публицистика	 	 	Без категории	 	нейтральный	н-возраст	н-уровень	республиканская	http://risk-inform.ru/news_29.html	Риск	 	2009	газета	Россия	Республика Тыва	ru	
/home/grigory/Python/Ayna/Газета/plain/2009/10/Статья2.txt	спец_корр	 	 	На безрыбье и Ананьин станет раком	19.10.2009	публицистика	 	 	Без категории	 	нейтральный	н-возраст	н-уровень	республиканская	http://risk-inform.ru/news_30.html	Риск	 	2009	газета	Россия	Республика Тыва	ru	
/home/grigory/Python/Ayna/Газета/plain/2009/10/Статья3.txt	спец_корр	 	 	Рэкет столкнулся с властью	20.10.2009	публицистика	 	 	Без категории	 	нейтральный	н-возраст	н-уровень	республиканская	http://risk-inform.ru/news_31.html	Риск	 	2009	газета	Россия	Республика Тыва	ru	
/home/grigory/Python/Ayna/Газета/plain/2009/10/Статья4.txt	спец_корр	 	 	Проба сил	22.10.2009	публицистика	 	 	Без категории	 	нейтральный	н-возраст	н-уровень	республиканская	http://risk-inform.ru/news_32.html	Риск	 	2009	газета	Россия	Республика Тыва	ru	
/home/grigory/Python/Ayna/Газета/plain/2016/10/Статья2.txt	Noname	 	 	Формирование правительства Тувы: профессионалы или «свои»?	07.10.2016	публицистика	 	 	Без категории	 	нейтральный	н-возраст	н-уровень	республиканская	http://risk-inform.ru/news_33.html	Риск	 	2016	газета	Россия	Республика Тыва	ru	
/home/grigory/Python/Ayna/Газета/plain/2009/11/Статья1.txt	Moderator	 	 	Спикера-гастарбайтера сменили на местного, а негодный бюджет «завернули»	06.11.2009	публицистика	 	 	Без категории	 	нейтральный	н-возраст	н-уровень	республиканская	http://risk-inform.ru/news_34.html	Риск	 	2009	газета	Россия	Республика Тыва	ru	
/home/grigory/Python/Ayna/Газета/plain/2016/10/Статья3.txt	Noname	 	 	Формирование правительства Тувы: профессионалы или «свои»?	07.10.2016	публицистика	 	 	Без категории	 	нейтральный	н-возраст	н-уровень	республиканская	http://risk-inform.ru/news_35.html	Риск	 	2016	газета	Россия	Республика Тыва	ru	
/home/grigory/Python/Ayna/Газета/plain/2009/12/Статья1.txt	спец_корр	 	 	Обращение строительных организаций, строивших УСК «Субедей»	04.12.2009	публицистика	 	 	Без категории	 	нейтральный	н-возраст	н-уровень	республиканская	http://risk-inform.ru/news_36.html	Риск	 	2009	газета	Россия	Республика Тыва	ru	
/home/grigory/Python/Ayna/Газета/plain/2016/10/Статья4.txt	Noname	 	 	Формирование правительства Тувы: профессионалы или «свои»?	07.10.2016	публицистика	 	 	Без категории	 	нейтральный	н-возраст	н-уровень	республиканская	http://risk-inform.ru/news_37.html	Риск	 	2016	газета	Россия	Республика Тыва	ru	
/home/grigory/Python/Ayna/Газета/plain/2009/12/Статья2.txt	Moderator	 	 	Процесс пошел. А проблемы – остались	16.12.2009	публицистика	 	 	Без категории	 	нейтральный	н-возраст	н-уровень	республиканская	http://risk-inform.ru/news_38.html	Риск	 	2009	газета	Россия	Республика Тыва	ru	
/home/grigory/Python/Ayna/Газета/plain/2009/12/Статья3.txt	Moderator	 	 	Бюджет республики принят. За работу, товарищи!	23.12.2009	публицистика	 	 	Без категории	 	нейтральный	н-возраст	н-уровень	республиканская	http://risk-inform.ru/news_39.html	Риск	 	2009	газета	Россия	Республика Тыва	ru	
/home/grigory/Python/Ayna/Газета/plain/2010/03/Статья1.txt	Moderator	 	 	Когда своих боятся больше, чем чужих	02.03.2010	публицистика	 	 	Без категории	 	нейтральный	н-возраст	н-уровень	республиканская	http://risk-inform.ru/news_40.html	Риск	 	2010	газета	Россия	Республика Тыва	ru	
/home/grigory/Python/Ayna/Газета/plain/2010/03/Статья2.txt	Moderator	 	 	Трус заигрался во власть	24.03.2010	публицистика	 	 	Без категории	 	нейтральный	н-возраст	н-уровень	республиканская	http://risk-inform.ru/news_41.html	Риск	 	2010	газета	Россия	Республика Тыва	ru	
/home/grigory/Python/Ayna/Газета/plain/2010/04/Статья1.txt	спец_корр	 	 	Судебные приставы нарушают закон. Прокуратура принимает меры.	07.04.2010	публицистика	 	 	Без категории	 	нейтральный	н-возраст	н-уровень	республиканская	http://risk-inform.ru/news_42.html	Риск	 	2010	газета	Россия	Республика Тыва	ru	
/home/grigory/Python/Ayna/Газета/plain/2010/04/Статья2.txt	спец_корр	 	 	Что суд неправый нам готовит?	08.04.2010	публицистика	 	 	Без категории	 	нейтральный	н-возраст	н-уровень	республиканская	http://risk-inform.ru/news_43.html	Риск	 	2010	газета	Россия	Республика Тыва	ru	
/home/grigory/Python/Ayna/Газета/plain/2010/04/Статья3.txt	Moderator	 	 	Депутатов прослушивают	28.04.2010	публицистика	 	 	Без категории	 	нейтральный	н-возраст	н-уровень	республиканская	http://risk-inform.ru/news_44.html	Риск	 	2010	газета	Россия	Республика Тыва	ru	
/home/grigory/Python/Ayna/Газета/plain/2010/05/Статья1.txt	спец_корр	 	 	26 мая 2010г. спикер Законодательной палаты тувинского парламента вновь сорвал с	26.05.2010	публицистика	 	 	Без категории	 	нейтральный	н-возраст	н-уровень	республиканская	http://risk-inform.ru/news_45.html	Риск	 	2010	газета	Россия	Республика Тыва	ru	
/home/grigory/Python/Ayna/Газета/plain/2010/07/Статья1.txt	Moderator	 	 	Сколь веревочке не виться...	21.07.2010	публицистика	 	 	Без категории	 	нейтральный	н-возраст	н-уровень	республиканская	http://risk-inform.ru/news_46.html	Риск	 	2010	газета	Россия	Республика Тыва	ru	
/home/grigory/Python/Ayna/Газета/plain/2010/09/Статья1.txt	спец_корр	 	 	Правительство бросило ОМОН против «Справедливой России»	16.09.2010	публицистика	 	 	Без категории	 	нейтральный	н-возраст	н-уровень	республиканская	http://risk-inform.ru/news_47.html	Риск	 	2010	газета	Россия	Республика Тыва	ru	
/home/grigory/Python/Ayna/Газета/plain/2010/09/Статья2.txt	спец_корр	 	 	Уважаемые предприниматели!	17.09.2010	публицистика	 	 	Без категории	 	нейтральный	н-возраст	н-уровень	республиканская	http://risk-inform.ru/news_48.html	Риск	 	2010	газета	Россия	Республика Тыва	ru	
/home/grigory/Python/Ayna/Газета/plain/2010/09/Статья3.txt	Moderator	 	 	Больная газета обзавелась здоровым уголовным делом	23.09.2010	публицистика	 	 	Без категории	 	нейтральный	н-возраст	н-уровень	республиканская	http://risk-inform.ru/news_49.html	Риск	 	2010	газета	Россия	Республика Тыва	ru	
/home/grigory/Python/Ayna/Газета/plain/2011/02/Статья1.txt	Moderator	 	 	В Красноярске произошло землетрясение магнитудой до 5,5 балла	10.02.2011	публицистика	 	 	Без категории	 	нейтральный	н-возраст	н-уровень	республиканская	http://risk-inform.ru/news_50.html	Риск	 	2011	газета	Россия	Республика Тыва	ru	
/home/grigory/Python/Ayna/Газета/plain/2011/04/Статья1.txt	спец_корр	 	 	ВНИМАНИЕ! ПИКЕТИРОВАНИЕ!	06.04.2011	публицистика	 	 	Без категории	 	нейтральный	н-возраст	н-уровень	республиканская	http://risk-inform.ru/news_51.html	Риск	 	2011	газета	Россия	Республика Тыва	ru	
/home/grigory/Python/Ayna/Газета/plain/2011/04/Статья2.txt	Аноним	 	 	Внимание: Пикет 16 апреля!	14.04.2011	публицистика	 	 	Без категории	 	нейтральный	н-возраст	н-уровень	республиканская	http://risk-inform.ru/news_52.html	Риск	 	2011	газета	Россия	Республика Тыва	ru	
/home/grigory/Python/Ayna/Газета/plain/2011/05/Статья1.txt	спец_корр	 	 	Избирательный беспредел	27.05.2011	публицистика	 	 	Без категории	 	нейтральный	н-возраст	н-уровень	республиканская	http://risk-inform.ru/news_53.html	Риск	 	2011	газета	Россия	Республика Тыва	ru	
/home/grigory/Python/Ayna/Газета/plain/2011/06/Статья1.txt	спец_корр	 	 	Суровые будни жуликов и клеветников	06.06.2011	публицистика	 	 	Без категории	 	нейтральный	н-возраст	н-уровень	республиканская	http://risk-inform.ru/news_54.html	Риск	 	2011	газета	Россия	Республика Тыва	ru	
/home/grigory/Python/Ayna/Газета/plain/2016/10/Статья5.txt	Noname	 	 	Формирование правительства Тувы: профессионалы или «свои»?	07.10.2016	публицистика	 	 	Без категории	 	нейтральный	н-возраст	н-уровень	республиканская	http://risk-inform.ru/news_55.html	Риск	 	2016	газета	Россия	Республика Тыва	ru	
/home/grigory/Python/Ayna/Газета/plain/2016/10/Статья6.txt	Noname	 	 	Формирование правительства Тувы: профессионалы или «свои»?	07.10.2016	публицистика	 	 	Без категории	 	нейтральный	н-возраст	н-уровень	республиканская	http://risk-inform.ru/news_56.html	Риск	 	2016	газета	Россия	Республика Тыва	ru	
/home/grigory/Python/Ayna/Газета/plain/2016/10/Статья7.txt	Noname	 	 	Формирование правительства Тувы: профессионалы или «свои»?	07.10.2016	публицистика	 	 	Без категории	 	нейтральный	н-возраст	н-уровень	республиканская	http://risk-inform.ru/news_57.html	Риск	 	2016	газета	Россия	Республика Тыва	ru	
/home/grigory/Python/Ayna/Газета/plain/2016/10/Статья8.txt	Noname	 	 	Формирование правительства Тувы: профессионалы или «свои»?	07.10.2016	публицистика	 	 	Без категории	 	нейтральный	н-возраст	н-уровень	республиканская	http://risk-inform.ru/news_58.html	Риск	 	2016	газета	Россия	Республика Тыва	ru	
/home/grigory/Python/Ayna/Газета/plain/2011/09/Статья1.txt	спец_корр	 	 	РИСКованая газета	27.09.2011	публицистика	 	 	Без категории	 	нейтральный	н-возраст	н-уровень	республиканская	http://risk-inform.ru/news_59.html	Риск	 	2011	газета	Россия	Республика Тыва	ru	
/home/grigory/Python/Ayna/Газета/plain/2011/10/Статья1.txt	спец_корр	 	 	ОБЪЯВЛЕНИЕ	24.10.2011	публицистика	 	 	Без категории	 	нейтральный	н-возраст	н-уровень	республиканская	http://risk-inform.ru/news_60.html	Риск	 	2011	газета	Россия	Республика Тыва	ru	
/home/grigory/Python/Ayna/Газета/plain/2011/11/Статья1.txt	спец_корр	 	 	Нападение на члена Избиркома Республики Тыва от партии СПРАВЕДЛИВАЯ РОССИЯ	25.11.2011	публицистика	 	 	Без категории	 	нейтральный	н-возраст	н-уровень	республиканская	http://risk-inform.ru/news_61.html	Риск	 	2011	газета	Россия	Республика Тыва	ru	
/home/grigory/Python/Ayna/Газета/plain/2011/11/Статья2.txt	спец_корр	 	 	ВНИМАНИЕ! Фальсификация началась!	28.11.2011	публицистика	 	 	Без категории	 	нейтральный	н-возраст	н-уровень	республиканская	http://risk-inform.ru/news_62.html	Риск	 	2011	газета	Россия	Республика Тыва	ru	
/home/grigory/Python/Ayna/Газета/plain/2011/11/Статья3.txt	Moderator	 	 	Полиция как ресурс в политической борьбе	28.11.2011	публицистика	 	 	Без категории	 	нейтральный	н-возраст	н-уровень	республиканская	http://risk-inform.ru/news_63.html	Риск	 	2011	газета	Россия	Республика Тыва	ru	
/home/grigory/Python/Ayna/Газета/plain/2011/11/Статья4.txt	спец_корр	 	 	Справедливость восторжествовала	29.11.2011	публицистика	 	 	Без категории	 	нейтральный	н-возраст	н-уровень	республиканская	http://risk-inform.ru/news_64.html	Риск	 	2011	газета	Россия	Республика Тыва	ru	
/home/grigory/Python/Ayna/Газета/plain/2011/12/Статья1.txt	Moderator	 	 	Избиркомы Тувы при попустительстве прокуратуры готовят массовые фальсификации	01.12.2011	публицистика	 	 	Без категории	 	нейтральный	н-возраст	н-уровень	республиканская	http://risk-inform.ru/news_65.html	Риск	 	2011	газета	Россия	Республика Тыва	ru	
/home/grigory/Python/Ayna/Газета/plain/2011/12/Статья2.txt	спец_корр	 	 	Осторожно! В Шагонаре готовится вброс бюллетеней!	04.12.2011	публицистика	 	 	Без категории	 	нейтральный	н-возраст	н-уровень	республиканская	http://risk-inform.ru/news_66.html	Риск	 	2011	газета	Россия	Республика Тыва	ru	
/home/grigory/Python/Ayna/Газета/plain/2011/12/Статья3.txt	Moderator	 	 	Мифические враги мифических руководителей	05.12.2011	публицистика	 	 	Без категории	 	нейтральный	н-возраст	н-уровень	республиканская	http://risk-inform.ru/news_67.html	Риск	 	2011	газета	Россия	Республика Тыва	ru	
/home/grigory/Python/Ayna/Газета/plain/2011/12/Статья4.txt	спец_корр	 	 	Свежий номер газеты арестован	06.12.2011	публицистика	 	 	Без категории	 	нейтральный	н-возраст	н-уровень	республиканская	http://risk-inform.ru/news_68.html	Риск	 	2011	газета	Россия	Республика Тыва	ru	
/home/grigory/Python/Ayna/Газета/plain/2011/12/Статья5.txt	спец_корр	 	 	На Триумфальной и у Гостиного начались задержания	06.12.2011	публицистика	 	 	Без категории	 	нейтральный	н-возраст	н-уровень	республиканская	http://risk-inform.ru/news_69.html	Риск	 	2011	газета	Россия	Республика Тыва	ru	
/home/grigory/Python/Ayna/Газета/plain/2011/12/Статья6.txt	спец_корр	 	 	Полицейский произвол	09.12.2011	публицистика	 	 	Без категории	 	нейтральный	н-возраст	н-уровень	республиканская	http://risk-inform.ru/news_70.html	Риск	 	2011	газета	Россия	Республика Тыва	ru	
/home/grigory/Python/Ayna/Газета/plain/2011/12/Статья7.txt	Moderator	 	 	Достала Алла!	18.12.2011	публицистика	 	 	Без категории	 	нейтральный	н-возраст	н-уровень	республиканская	http://risk-inform.ru/news_71.html	Риск	 	2011	газета	Россия	Республика Тыва	ru	
/home/grigory/Python/Ayna/Газета/plain/2011/12/Статья8.txt	Moderator	 	 	Срочно разыскивается очень вредная тувинка	21.12.2011	публицистика	 	 	Без категории	 	нейтральный	н-возраст	н-уровень	республиканская	http://risk-inform.ru/news_72.html	Риск	 	2011	газета	Россия	Республика Тыва	ru	
/home/grigory/Python/Ayna/Газета/plain/2011/12/Статья9.txt	Moderator	 	 	Родственников и друзей Оюна снова оправдали	24.12.2011	публицистика	 	 	Без категории	 	нейтральный	н-возраст	н-уровень	республиканская	http://risk-inform.ru/news_73.html	Риск	 	2011	газета	Россия	Республика Тыва	ru	
/home/grigory/Python/Ayna/Газета/plain/2011/12/Статья10.txt	Moderator	 	 	Лобанов, верни деньги!	25.12.2011	публицистика	 	 	Без категории	 	нейтральный	н-возраст	н-уровень	республиканская	http://risk-inform.ru/news_74.html	Риск	 	2011	газета	Россия	Республика Тыва	ru	
/home/grigory/Python/Ayna/Газета/plain/2011/12/Статья11.txt	Moderator	 	 	В Туве произошло сильное землетрясение	27.12.2011	публицистика	 	 	Без категории	 	нейтральный	н-возраст	н-уровень	республиканская	http://risk-inform.ru/news_75.html	Риск	 	2011	газета	Россия	Республика Тыва	ru	
/home/grigory/Python/Ayna/Газета/plain/2012/02/Статья1.txt	Moderator	 	 	Горим, братцы, горим!	08.02.2012	публицистика	 	 	Без категории	 	нейтральный	н-возраст	н-уровень	республиканская	http://risk-inform.ru/news_76.html	Риск	 	2012	газета	Россия	Республика Тыва	ru	
/home/grigory/Python/Ayna/Газета/plain/2012/02/Статья2.txt	Moderator	 	 	От выборов до выборов живёт Шойгу навыворот	09.02.2012	публицистика	 	 	Без категории	 	нейтральный	н-возраст	н-уровень	республиканская	http://risk-inform.ru/news_77.html	Риск	 	2012	газета	Россия	Республика Тыва	ru	
/home/grigory/Python/Ayna/Газета/plain/2012/02/Статья3.txt	Moderator	 	 	Как готовится к выборам правительство Тувы	10.02.2012	публицистика	 	 	Без категории	 	нейтральный	н-возраст	н-уровень	республиканская	http://risk-inform.ru/news_78.html	Риск	 	2012	газета	Россия	Республика Тыва	ru	
/home/grigory/Python/Ayna/Газета/plain/2016/10/Статья9.txt	Noname	 	 	Формирование правительства Тувы: профессионалы или «свои»?	07.10.2016	публицистика	 	 	Без категории	 	нейтральный	н-возраст	н-уровень	республиканская	http://risk-inform.ru/news_79.html	Риск	 	2016	газета	Россия	Республика Тыва	ru	
/home/grigory/Python/Ayna/Газета/plain/2016/10/Статья10.txt	Noname	 	 	Формирование правительства Тувы: профессионалы или «свои»?	07.10.2016	публицистика	 	 	Без категории	 	нейтральный	н-возраст	н-уровень	республиканская	http://risk-inform.ru/news_80.html	Риск	 	2016	газета	Россия	Республика Тыва	ru	
/home/grigory/Python/Ayna/Газета/plain/2012/02/Статья4.txt	Moderator	 	 	Прощенное воскресенье Тува отметила очередным землетрясением	26.02.2012	публицистика	 	 	Без категории	 	нейтральный	н-возраст	н-уровень	республиканская	http://risk-inform.ru/news_81.html	Риск	 	2012	газета	Россия	Республика Тыва	ru	
/home/grigory/Python/Ayna/Газета/plain/2012/04/Статья1.txt	спец_корр	 	 	Обращение к министру МВД Республики Тыва	27.04.2012	публицистика	 	 	Без категории	 	нейтральный	н-возраст	н-уровень	республиканская	http://risk-inform.ru/news_82.html	Риск	 	2012	газета	Россия	Республика Тыва	ru	
/home/grigory/Python/Ayna/Газета/plain/2012/04/Статья2.txt	спец_корр	 	 	Обращение к прокурору Республики Тыва	27.04.2012	публицистика	 	 	Без категории	 	нейтральный	н-возраст	н-уровень	республиканская	http://risk-inform.ru/news_83.html	Риск	 	2012	газета	Россия	Республика Тыва	ru	
/home/grigory/Python/Ayna/Газета/plain/2012/04/Статья3.txt	Moderator	 	 	В поисках крайнего	27.04.2012	публицистика	 	 	Без категории	 	нейтральный	н-возраст	н-уровень	республиканская	http://risk-inform.ru/news_84.html	Риск	 	2012	газета	Россия	Республика Тыва	ru	
/home/grigory/Python/Ayna/Газета/plain/2012/06/Статья1.txt	спец_корр	 	 	Обращение к министру внутренних дел РФ В. Колокольцеву	29.06.2012	публицистика	 	 	Без категории	 	нейтральный	н-возраст	н-уровень	республиканская	http://risk-inform.ru/news_85.html	Риск	 	2012	газета	Россия	Республика Тыва	ru	
/home/grigory/Python/Ayna/Газета/plain/2012/11/Статья1.txt	спец_корр	 	 	Кто несёт ответственность за безопасность движения на улицах г.Кызыла?	06.11.2012	публицистика	 	 	Без категории	 	нейтральный	н-возраст	н-уровень	республиканская	http://risk-inform.ru/news_86.html	Риск	 	2012	газета	Россия	Республика Тыва	ru	
/home/grigory/Python/Ayna/Газета/plain/2012/12/Статья1.txt	Moderator	 	 	Полицаи против буддистов	11.12.2012	публицистика	 	 	Без категории	 	нейтральный	н-возраст	н-уровень	республиканская	http://risk-inform.ru/news_87.html	Риск	 	2012	газета	Россия	Республика Тыва	ru	
/home/grigory/Python/Ayna/Газета/plain/2013/02/Статья1.txt	Moderator	 	 	Розыскивается хулиган с монтировкой	20.02.2013	публицистика	 	 	Без категории	 	нейтральный	н-возраст	н-уровень	республиканская	http://risk-inform.ru/news_88.html	Риск	 	2013	газета	Россия	Республика Тыва	ru	
/home/grigory/Python/Ayna/Газета/plain/2016/10/Статья11.txt	Noname	 	 	Формирование правительства Тувы: профессионалы или «свои»?	07.10.2016	публицистика	 	 	Без категории	 	нейтральный	н-возраст	н-уровень	республиканская	http://risk-inform.ru/news_89.html	Риск	 	2016	газета	Россия	Республика Тыва	ru	
/home/grigory/Python/Ayna/Газета/plain/2013/07/Статья1.txt	Moderator	 	 	Пять изображений, возмутивших мир	30.07.2013	публицистика	 	 	Без категории	 	нейтральный	н-возраст	н-уровень	республиканская	http://risk-inform.ru/news_90.html	Риск	 	2013	газета	Россия	Республика Тыва	ru	
/home/grigory/Python/Ayna/Газета/plain/2013/08/Статья1.txt	Moderator	 	 	В Тыве криминальный клан возглавил экс-депутат	18.08.2013	публицистика	 	 	Без категории	 	нейтральный	н-возраст	н-уровень	республиканская	http://risk-inform.ru/news_91.html	Риск	 	2013	газета	Россия	Республика Тыва	ru	
/home/grigory/Python/Ayna/Газета/plain/2013/09/Статья1.txt	Moderator	 	 	Владимир Рыжков: Где ставленники Шойгу, там расцвет коррупции и клановости	07.09.2013	публицистика	 	 	Без категории	 	нейтральный	н-возраст	н-уровень	республиканская	http://risk-inform.ru/news_92.html	Риск	 	2013	газета	Россия	Республика Тыва	ru	
/home/grigory/Python/Ayna/Газета/plain/2013/10/Статья1.txt	Moderator	 	 	«Король» Ак-Довурака сбежал из «королевства»	27.10.2013	публицистика	 	 	Без категории	 	нейтральный	н-возраст	н-уровень	республиканская	http://risk-inform.ru/news_93.html	Риск	 	2013	газета	Россия	Республика Тыва	ru	
/home/grigory/Python/Ayna/Газета/plain/2014/08/Статья1.txt	Moderator	 	 	Президентский кадетский корпус: поспешили – людей погубили...	13.08.2014	публицистика	 	 	Без категории	 	нейтральный	н-возраст	н-уровень	республиканская	http://risk-inform.ru/news_94.html	Риск	 	2014	газета	Россия	Республика Тыва	ru	
/home/grigory/Python/Ayna/Газета/plain/2014/09/Статья1.txt	Moderator	 	 	Власть взялась за старое: по Кызылу гуляет фальшивый «РИСК» 	09.09.2014	публицистика	 	 	Без категории	 	нейтральный	н-возраст	н-уровень	республиканская	http://risk-inform.ru/news_95.html	Риск	 	2014	газета	Россия	Республика Тыва	ru	
/home/grigory/Python/Ayna/Газета/plain/2014/09/Статья2.txt	Moderator	 	 	Дмитрий Горовцов: Неприкасаемых нет!	13.09.2014	публицистика	 	 	Без категории	 	нейтральный	н-возраст	н-уровень	республиканская	http://risk-inform.ru/news_96.html	Риск	 	2014	газета	Россия	Республика Тыва	ru	
/home/grigory/Python/Ayna/Газета/plain/2014/10/Статья1.txt	Moderator	 	 	Вертолет обнаружен в природном парке Ергаки	25.10.2014	публицистика	 	 	Без категории	 	нейтральный	н-возраст	н-уровень	республиканская	http://risk-inform.ru/news_97.html	Риск	 	2014	газета	Россия	Республика Тыва	ru	
/home/grigory/Python/Ayna/Газета/plain/2016/10/Статья12.txt	Noname	 	 	Формирование правительства Тувы: профессионалы или «свои»?	07.10.2016	публицистика	 	 	Без категории	 	нейтральный	н-возраст	н-уровень	республиканская	http://risk-inform.ru/news_98.html	Риск	 	2016	газета	Россия	Республика Тыва	ru	
/home/grigory/Python/Ayna/Газета/plain/2015/07/Статья1.txt	спец_корр	 	 	Особо секретная авария в центре Кызыла	09.07.2015	публицистика	 	 	Без категории	 	нейтральный	н-возраст	н-уровень	республиканская	http://risk-inform.ru/news_99.html	Риск	 	2015	газета	Россия	Республика Тыва	ru	
/home/grigory/Python/Ayna/Газета/plain/2015/08/Статья1.txt	Moderator	 	 	Найдены похожие на части пропавшего вертолета обломки	07.08.2015	публицистика	 	 	Без категории	 	нейтральный	н-возраст	н-уровень	республиканская	http://risk-inform.ru/news_100.html	Риск	 	2015	газета	Россия	Республика Тыва	ru	
/home/grigory/Python/Ayna/Газета/plain/2016/04/Статья1.txt	Moderator	 	 	Тувинскую журналистку задержали после выхода статьи о квартире дочери Кара-оола	21.04.2016	публицистика	 	 	Без категории	 	нейтральный	н-возраст	н-уровень	республиканская	http://risk-inform.ru/news_101.html	Риск	 	2016	газета	Россия	Республика Тыва	ru	
